District_Name,UnitName,predicted_FIRs_next_year,trend_direction
BAGALKOT,BAGALKOT CEN CRIME PS,17.28,increasing
BAGALKOT,BAGALKOT WOMEN PS,23.04,increasing
BAGALKOT,BAGALKOT TRAFFIC PS,42.24,increasing
BAGALKOT,GULEDAGUDDA PS,58.03,increasing
BAGALKOT,ILAKAL PS,61.23,increasing
BAGALKOT,JAMAKHANDI TOWN PS,65.28,increasing
BAGALKOT,TERADAL PS,68.27,increasing
BAGALKOT,ILAKAL RURAL PS,70.61,increasing
BAGALKOT,MAHALINGAPUR PS,71.25,increasing
BAGALKOT,SAVALGI PS,74.67,increasing
BAGALKOT,KALADAGI PS,80.85,increasing
BAGALKOT,BAGALKOT TOWN PS,82.64,increasing
BAGALKOT,NAVANAGARA PS,84.91,increasing
BAGALKOT,BANAHATTI PS,88.11,increasing
BAGALKOT,LOKAPUR PS,88.11,increasing
BAGALKOT,KERUR PS,102.4,increasing
BAGALKOT,HUNGUNDA PS,107.78,increasing
BAGALKOT,JAMAKHANDI RURAL PS,113.28,increasing
BAGALKOT,AMENGAD PS,115.63,increasing
BAGALKOT,BILAGI PS,122.67,increasing
BAGALKOT,BADAMI PS,134.19,increasing
BAGALKOT,BAGALKOT RURAL PS,142.08,increasing
BAGALKOT,MUDHOL PS,238.72,increasing
BALLARI,GADIGANUR PS,6.4,increasing
BALLARI,BALLARI CEN CRIME PS,13.57,increasing
BALLARI,P.D. HALLI PS,22.42,increasing
BALLARI,GANDHINAGAR PS,24.14,increasing
BALLARI,HATCHOLLI PS,28.0,increasing
BALLARI,BELLARY TRAFFIC PS,29.9,increasing
BALLARI,COWLBAZAR PS,30.22,increasing
BALLARI,BALLARI WOMEN PS,30.98,increasing
BALLARI,CHORANURU PS,34.53,increasing
BALLARI,SANDUR PS,32.0,increasing
BALLARI,THORANAGAL PS,33.69,increasing
BALLARI,KUDUTHINI PS,36.4,increasing
BALLARI,TEKKALKOTA PS,43.56,increasing
BALLARI,APMC YARD PS,53.6,increasing
BALLARI,KURUGOD PS,43.52,increasing
BALLARI,KAMPLI PS,50.7,increasing
BALLARI,SIRIGERI PS,67.41,increasing
BALLARI,SIRUGUPPA PS,75.67,increasing
BALLARI,BRUCEPET PS,77.57,increasing
BALLARI,MOKA PS,81.92,increasing
BALLARI,BELLARY RURAL PS,95.23,increasing
BELAGAVI CITY,BELAGAVI CITY CEN CRIME PS,49.94,increasing
BELAGAVI CITY,KHADEBAZAR PS,58.37,increasing
BELAGAVI CITY,UDYAMBAG PS,61.65,increasing
BELAGAVI CITY,BELAGAVI CITY WOMEN PS,72.11,increasing
BELAGAVI CITY,CAMP PS,77.23,increasing
BELAGAVI CITY,TILAKWADI PS,83.51,increasing
BELAGAVI CITY,BELGAUM SOUTH TRAFFIC PS,89.57,increasing
BELAGAVI CITY,SHAHAPURA PS,95.57,increasing
BELAGAVI CITY,BAGEWADI PS,100.79,increasing
BELAGAVI CITY,BELGAUM NORTH TRAFFIC PS,104.41,increasing
BELAGAVI CITY,MALAMARUTHI PS,131.2,increasing
BELAGAVI CITY,MARIHAL PS,133.12,increasing
BELAGAVI CITY,APMC YARD PS,139.09,increasing
BELAGAVI CITY,MARKET PS,172.59,increasing
BELAGAVI CITY,BELAGAVI RURAL PS,176.64,increasing
BELAGAVI CITY,KAKATI PS,197.55,increasing
BELAGAVI DIST,BELAGAVI WOMEN PS,5.6,increasing
BELAGAVI DIST,BELAGAVI CEN CRIME PS,29.65,increasing
BELAGAVI DIST,BASAWESHWAR CHOWK PS,56.75,increasing
BELAGAVI DIST,CHIKKODI TOWN TRAFFIC PS,59.95,increasing
BELAGAVI DIST,ANKALGI PS,69.12,increasing
BELAGAVI DIST,KHADAKALAT PS,69.12,increasing
BELAGAVI DIST,ANKALI PS,87.89,increasing
BELAGAVI DIST,DODDAWAD PS,89.17,increasing
BELAGAVI DIST,NESARGI PS,91.73,increasing
BELAGAVI DIST,NIPPANI RURAL PS,95.36,increasing
BELAGAVI DIST,NIPPANI TOWN PS,100.91,increasing
BELAGAVI DIST,GOKAK TOWN PS,122.14,increasing
BELAGAVI DIST,KUDACHI PS,135.68,increasing
BELAGAVI DIST,KULGOD PS,143.15,increasing
BELAGAVI DIST,NANDAGAD PS,147.2,increasing
BELAGAVI DIST,SADALAGA PS,148.05,increasing
BELAGAVI DIST,AIGALI PS,150.4,increasing
BELAGAVI DIST,MUDALGI PS,154.88,increasing
BELAGAVI DIST,KAGWAD PS,153.81,increasing
BELAGAVI DIST,HUKKERI PS,167.04,increasing
BELAGAVI DIST,KATKOL PS,171.95,increasing
BELAGAVI DIST,KITTUR PS,175.15,increasing
BELAGAVI DIST,RAMADURGA PS,175.15,increasing
BELAGAVI DIST,GOKAK RURAL PS,181.33,increasing
BELAGAVI DIST,HARUGERI PS,188.37,increasing
BELAGAVI DIST,MURGOD PS,207.27,increasing
BELAGAVI DIST,KHANAPUR PS,217.17,increasing
BELAGAVI DIST,CHIKKODI PS,220.59,increasing
BELAGAVI DIST,SANKESHWAR PS,221.01,increasing
BELAGAVI DIST,YAMAKANMARDI PS,224.21,increasing
BELAGAVI DIST,GHATAPRABHA PS,246.83,increasing
BELAGAVI DIST,RAIBAG PS,255.79,increasing
BELAGAVI DIST,BAILAHONGAL PS,280.32,increasing
BELAGAVI DIST,ATHANI PS,330.63,increasing
BELAGAVI DIST,SOUNDATTI PS,345.81,increasing
BENGALURU CITY,WEST WOMEN PS,2.4,stable
BENGALURU CITY,CYBER CRIME POLICE STATION,11.2,increasing
BENGALURU CITY,HULIMAVU TRAFFIC PS,13.61,increasing
BENGALURU CITY,CUBBONPARK TRAFFIC PS,18.18,increasing
BENGALURU CITY,CHICKABANAVARA TRAFFIC PS,12.8,stable
BENGALURU CITY,HIGH GROUNDS TRAFFIC PS,20.97,increasing
BENGALURU CITY,JAYANAGAR TRAFFIC PS,21.25,increasing
BENGALURU CITY,WILSONGARDEN TRAFFIC PS,21.88,increasing
BENGALURU CITY,ADUGODI TRAFFIC PS,22.64,increasing
BENGALURU CITY,ASHOKNAGAR TRAFFIC PS,22.92,increasing
BENGALURU CITY,CHIKKAJALA TRAFFIC PS,23.12,increasing
BENGALURU CITY,SHIVAJINAGAR PS,23.52,increasing
BENGALURU CITY,BANASAWADI TRAFFIC PS,23.59,increasing
BENGALURU CITY,PULAKESHINAGAR TRAFFIC PS,24.2,increasing
BENGALURU CITY,BASAVANAGUDI WOMEN PS,28.7,increasing
BENGALURU CITY,PUTTENAHALLI PS,31.27,increasing
BENGALURU CITY,MICO LAYOUT TRAFFIC PS,32.34,increasing
BENGALURU CITY,MALLESHWARAM TRAFFIC PS,34.2,increasing
BENGALURU CITY,VICTORIA HOSPITAL PS,21.6,stable
BENGALURU CITY,AIRPORT TRAFFIC PS,36.11,increasing
BENGALURU CITY,K G HALLI TRAFFIC PS,37.09,increasing
BENGALURU CITY,DEVANAHALLI PS,37.71,increasing
BENGALURU CITY,JEEVAN BHIMA NAGAR (INDIRANAGAR) TRAFFIC PS,38.4,increasing
BENGALURU CITY,JAYAPRAKASH NAGAR PS,37.87,increasing
BENGALURU CITY,SIDDAPURA PS,37.92,increasing
BENGALURU CITY,KAMAKSHIPALYA TRAFFIC PS,38.81,increasing
BENGALURU CITY,CHICKPET TRAFFIC PS,38.97,increasing
BENGALURU CITY,HALASUR GATE TRAFFIC PS,40.69,increasing
BENGALURU CITY,BHARATHI NAGAR PS,41.25,increasing
BENGALURU CITY,GANGAMMANA GUDI PS,41.41,increasing
BENGALURU CITY,THILAKNAGAR PS,42.5,increasing
BENGALURU CITY,THALAGHATTAPURA PS,45.16,increasing
BENGALURU CITY,KODIGEHALLI PS,46.04,increasing
BENGALURU CITY,EAST ZONE WOMEN PS,46.0,increasing
BENGALURU CITY,HENNUR TRAFFIC PS,60.0,increasing
BENGALURU CITY,SHANKARPURA PS,47.22,increasing
BENGALURU CITY,VIDHANA SOUDHA PS,48.04,increasing
BENGALURU CITY,BELLANDURU TRAFFIC PS,64.0,increasing
BENGALURU CITY,R.M.C. YARD PS,50.97,increasing
BENGALURU CITY,CHICKPET PS,33.6,stable
BENGALURU CITY,MAHADEVAPURA TRAFFIC PS,67.2,increasing
BENGALURU CITY,SHIVAJINAGAR TRAFFIC PS,52.92,increasing
BENGALURU CITY,BIAL PS,56.16,increasing
BENGALURU CITY,S.J. PARK PS,54.03,increasing
BENGALURU CITY,BOMMANAHALLI PS,54.44,increasing
BENGALURU CITY,BAGALAGUNTE PS,55.0,increasing
BENGALURU CITY,MAGADI ROAD PS,55.31,increasing
BENGALURU CITY,BYAPPANAHALLI PS,59.29,increasing
BENGALURU CITY,MADIVALA TRAFFIC PS,60.0,increasing
BENGALURU CITY,HEBBAL TRAFFIC PS,64.33,increasing
BENGALURU CITY,INDIRANAGAR PS,61.76,increasing
BENGALURU CITY,KENGERI TRAFFIC PS,61.67,increasing
BENGALURU CITY,CITY MARKET TRAFFIC PS,64.29,increasing
BENGALURU CITY,VIJAYANAGAR TRAFFIC PS,64.38,increasing
BENGALURU CITY,UPPARPET PS,65.14,increasing
BENGALURU CITY,AMRUTHAHALLY PS,65.91,increasing
BENGALURU CITY,SAMPANGIRAMANAGAR PS,66.16,increasing
BENGALURU CITY,WHITEFIELD TRAFFIC PS,68.27,increasing
BENGALURU CITY,MAHALAKSHMIPURAM PS,67.22,increasing
BENGALURU CITY,J.C. NAGAR PS,68.89,increasing
BENGALURU CITY,SRIRAMPURA PS,69.35,increasing
BENGALURU CITY,KEMPEGOWDA NAGAR PS,69.31,increasing
BENGALURU CITY,BASAVANAGUDI TRAFFIC PS,69.44,increasing
BENGALURU CITY,YELAHANKA PS,71.84,increasing
BENGALURU CITY,GOVINDAPURA PS,77.33,increasing
BENGALURU CITY,KADUGONDANA HALLI PS,74.73,increasing
BENGALURU CITY,YESHWANTHAPURA PS,74.69,increasing
BENGALURU CITY,PULAKESHINAGAR PS,81.33,increasing
BENGALURU CITY,HSR LAYOUT PS,78.29,increasing
BENGALURU CITY,KUMARASWAMY LAYOUT TRAFFIC PS,80.14,increasing
BENGALURU CITY,CUBBON PARK PS,81.94,increasing
BENGALURU CITY,BYATRARAYANAPURA TRAFFIC PS,82.97,increasing
BENGALURU CITY,COMMERCIAL STREET PS,85.17,increasing
BENGALURU CITY,HSR LAY OUT TRAFFIC PS,85.95,increasing
BENGALURU CITY,RAMAMURTHY NAGAR PS,85.31,increasing
BENGALURU CITY,BANASHANKARI PS,85.0,increasing
BENGALURU CITY,YELAHANKA TRAFFIC PS,87.68,increasing
BENGALURU CITY,HALASUR TRAFFIC PS,87.08,increasing
BENGALURU CITY,BEGURU PS,88.42,increasing
BENGALURU CITY,JNANABHARATHI TRAFFIC PS,56.8,stable
BENGALURU CITY,BANASHANKARI TRAFFIC PS,90.14,increasing
BENGALURU CITY,WEST CEN CRIME PS,97.82,increasing
BENGALURU CITY,SESHADRIPURAM PS,94.31,increasing
BENGALURU CITY,KUMARASWAMY LAYOUT PS,95.0,increasing
BENGALURU CITY,CHAMARAJPET PS,95.56,increasing
BENGALURU CITY,MADIVALA PS,95.54,increasing
BENGALURU CITY,MALLESHWARAM PS,97.5,increasing
BENGALURU CITY,HANUMANTHANAGAR PS,98.33,increasing
BENGALURU CITY,SADASHIVANAGAR PS,100.14,increasing
BENGALURU CITY,JALAHALLI TRAFFIC PS,102.22,increasing
BENGALURU CITY,KORAMANGALA PS,102.32,increasing
BENGALURU CITY,MAGADI ROAD TRAFFIC PS,104.17,increasing
BENGALURU CITY,BAGALUR PS,109.69,increasing
BENGALURU CITY,K.R.PURAM TRAFFIC PS,110.16,increasing
BENGALURU CITY,WILSONGARDEN PS,110.18,increasing
BENGALURU CITY,HEBBAL PS,111.67,increasing
BENGALURU CITY,CHIKKAJALA PS,114.54,increasing
BENGALURU CITY,KADUGODI PS,115.28,increasing
BENGALURU CITY,HENNUR PS,116.25,increasing
BENGALURU CITY,BYADARAHALLI PS,118.01,increasing
BENGALURU CITY,CHANNAMMANAKERE ACHU KATTU PS,117.36,increasing
BENGALURU CITY,SUBRAMANYANAGAR PS,119.44,increasing
BENGALURU CITY,V V PURAM TRAFFIC PS,120.0,increasing
BENGALURU CITY,RAJARAJESHWARI NAGAR PS,121.53,increasing
BENGALURU CITY,JALAHALLI PS,122.78,increasing
BENGALURU CITY,ELECTRONIC CITY PS,122.81,increasing
BENGALURU CITY,BANDEPALYA PS,126.08,increasing
BENGALURU CITY,SADASHIVANAGAR TRAFFIC PS,129.84,increasing
BENGALURU CITY,KOTHANUR PS,135.2,increasing
BENGALURU CITY,SUBRAMANYAPURA PS,134.72,increasing
BENGALURU CITY,VISHVESHWARAPURAM PS,134.72,increasing
BENGALURU CITY,JAGAJEEVANRAM NAGAR PS,137.19,increasing
BENGALURU CITY,COTTONPET PS,139.04,increasing
BENGALURU CITY,RAJAJINAGAR PS,140.28,increasing
BENGALURU CITY,VIJAYANAGAR PS,140.54,increasing
BENGALURU CITY,HALASURGATE PS,141.94,increasing
BENGALURU CITY,THALAGHATTAPURA TRAFFIC PS,185.6,increasing
BENGALURU CITY,RAJAJINAGAR TRAFFIC PS,145.83,increasing
BENGALURU CITY,SOUTHEAST CEN CRIME PS,154.7,increasing
BENGALURU CITY,VYALIKAVAL PS,148.89,increasing
BENGALURU CITY,EAST CEN CRIME PS,169.87,increasing
BENGALURU CITY,YELAHANKA NEW TOWN PS,155.95,increasing
BENGALURU CITY,JEEVAN BHEEMANAGAR PS,152.64,increasing
BENGALURU CITY,BANASWADI PS,158.4,increasing
BENGALURU CITY,MARATHAHALLI PS,159.24,increasing
BENGALURU CITY,PARAPPANA AGRAHARA PS,163.41,increasing
BENGALURU CITY,HALASUR PS,160.83,increasing
BENGALURU CITY,SOLADEVANAHALLI PS,162.08,increasing
BENGALURU CITY,MAHADEVAPURA PS,163.07,increasing
BENGALURU CITY,WHITEFIELD PS,163.28,increasing
BENGALURU CITY,VIDYARANYAPURA PS,174.86,increasing
BENGALURU CITY,SAMPIGEHALLI PS,175.28,increasing
BENGALURU CITY,VIVEKNAGAR PS,175.56,increasing
BENGALURU CITY,CENTRAL CEN CRIME PS,197.4,increasing
BENGALURU CITY,UPPARPET TRAFFIC PS,177.75,increasing
BENGALURU CITY,ELECTRONIC CITY TRAFFIC PS,183.89,increasing
BENGALURU CITY,HIGH GROUNDS PS,185.0,increasing
BENGALURU CITY,GIRINAGAR PS,186.11,increasing
BENGALURU CITY,BASAVANAGUDI PS,188.06,increasing
BENGALURU CITY,WHITEFIELD CEN CRIME PS,203.56,increasing
BENGALURU CITY,R.T. NAGAR PS,192.92,increasing
BENGALURU CITY,JNANABHARATHI PS,195.28,increasing
BENGALURU CITY,BELLANDURU PS,197.37,increasing
BENGALURU CITY,HULIMAVU PS,202.64,increasing
BENGALURU CITY,DEVANAHALLI TRAFFIC PS,207.43,increasing
BENGALURU CITY,KEMPAPURA AGRAHARA PS,209.44,increasing
BENGALURU CITY,NORTH CEN CRIME PS,237.07,increasing
BENGALURU CITY,RAJAGOPAL NAGAR PS,211.94,increasing
BENGALURU CITY,KALASIPALYA PS,216.11,increasing
BENGALURU CITY,R.T.NAGAR TRAFFIC PS,220.14,increasing
BENGALURU CITY,ADUGODI PS,220.42,increasing
BENGALURU CITY,KONANAKUNTE PS,231.79,increasing
BENGALURU CITY,SUDDAGUNTEPALYA PS,243.62,increasing
BENGALURU CITY,SANJAY NAGAR PS,234.86,increasing
BENGALURU CITY,ASHOKNAGAR PS,239.58,increasing
BENGALURU CITY,CITY MARKET PS,239.58,increasing
BENGALURU CITY,JAYANAGAR PS,243.75,increasing
BENGALURU CITY,ANNAPOORNESHWARI NAGAR PS,248.5,increasing
BENGALURU CITY,KAMAKSHIPALYA PS,248.93,increasing
BENGALURU CITY,AIRPORT PS,160.8,stable
BENGALURU CITY,SOUTH CEN CRIME PS,264.94,increasing
BENGALURU CITY,KENGERI PS,271.53,increasing
BENGALURU CITY,NORTHEAST CEN CRIME PS,310.33,increasing
BENGALURU CITY,YESHWANTHAPURA TRAFFIC PS,283.19,increasing
BENGALURU CITY,VARTHUR PS,286.11,increasing
BENGALURU CITY,MICO LAYOUT PS,288.75,increasing
BENGALURU CITY,DEVARAJEEVANAHALLI PS,297.22,increasing
BENGALURU CITY,PEENYA PS,313.19,increasing
BENGALURU CITY,PEENYA TRAFFIC PS,315.31,increasing
BENGALURU CITY,BASAVESHWARA NAGAR PS,319.86,increasing
BENGALURU CITY,H.A.L. PS,330.35,increasing
BENGALURU CITY,GOVINDARAJA NAGAR PS,382.67,increasing
BENGALURU CITY,NANDINI LAYOUT PS,414.44,increasing
BENGALURU CITY,CHANDRA LAYOUT PS,415.0,increasing
BENGALURU CITY,BYATARAYANAPURA PS,415.56,increasing
BENGALURU CITY,K.R. PURAM PS,471.25,increasing
BENGALURU DIST,HOSAHALLI PS,38.83,increasing
BENGALURU DIST,BENGALURU DIST WOMEN PS,102.7,increasing
BENGALURU DIST,CHENNARAYAPATANA PS,108.37,increasing
BENGALURU DIST,THYAMAGONDLU PS,119.89,increasing
BENGALURU DIST,SULIBELE PS,126.72,increasing
BENGALURU DIST,ANUGONDANAHALLI PS,138.88,increasing
BENGALURU DIST,THIRUMALASHETTAHALLI PS,152.96,increasing
BENGALURU DIST,VISHWANATHAPURA PS,158.51,increasing
BENGALURU DIST,DODDABELAVANGALA PS,166.4,increasing
BENGALURU DIST,BENGALURU CEN CRIME PS,173.16,increasing
BENGALURU DIST,DODDABALLAPURA TOWN PS,170.67,increasing
BENGALURU DIST,HOSAKOTE TRAFFIC PS,232.0,increasing
BENGALURU DIST,VIJAYAPURA PS,186.24,increasing
BENGALURU DIST,DOBBESPET PS,204.8,increasing
BENGALURU DIST,NELAMANGALA TOWN PS,206.51,increasing
BENGALURU DIST,NANDAGUDI PS,218.45,increasing
BENGALURU DIST,BANNERGHATTA PS,225.28,increasing
BENGALURU DIST,RAJANUKUNTE PS,225.49,increasing
BENGALURU DIST,SARJAPURA PS,233.51,increasing
BENGALURU DIST,JIGANI PS,252.37,increasing
BENGALURU DIST,NELAMANGALA RURAL PS,268.37,increasing
BENGALURU DIST,ANEKAL PS,283.09,increasing
BENGALURU DIST,DODDABALLAPURA RURAL PS,337.71,increasing
BENGALURU DIST,AVALAHALLY PS,360.53,increasing
BENGALURU DIST,HOSAKOTE PS,406.19,increasing
BENGALURU DIST,SURYANAGAR PS,407.25,increasing
BENGALURU DIST,ATTIBELE PS,465.49,increasing
BENGALURU DIST,HEBBAGODI PS,482.77,increasing
BENGALURU DIST,NELAMANGALA TRAFFIC PS,511.79,increasing
BENGALURU DIST,MADANAYAKANAHALLY PS,551.72,increasing
BIDAR,BIDAR CEN CRIME PS,9.81,increasing
BIDAR,CHINTAKI PS,31.57,increasing
BIDAR,BIDAR WOMEN PS,34.84,increasing
BIDAR,BIDAR TOWN PS,37.33,increasing
BIDAR,SANTHAPUR PS,37.55,increasing
BIDAR,MEHAKAR PS,39.47,increasing
BIDAR,MANNALLI PS,39.68,increasing
BIDAR,KUSHNOOR PS,42.24,increasing
BIDAR,HOKRANA PS,42.88,increasing
BIDAR,HULSOOR PS,45.01,increasing
BIDAR,KHATAKA CHINCHOLI PS,46.93,increasing
BIDAR,BEMALKHED PS,47.15,increasing
BIDAR,MARKET PS,48.85,increasing
BIDAR,MUDBI PS,49.07,increasing
BIDAR,BAGDAL PS,49.49,increasing
BIDAR,BIDAR RURAL PS,52.69,increasing
BIDAR,KAMALANAGAR PS,63.96,increasing
BIDAR,JANWADA PS,68.69,increasing
BIDAR,BASAVA KALYANA RURAL PS,69.12,increasing
BIDAR,MANTHALA PS,69.76,increasing
BIDAR,BASAVA KALYANA TRAFFIC PS,70.19,increasing
BIDAR,BIDAR TRAFFIC PS,73.17,increasing
BIDAR,NEW TOWN PS,74.45,increasing
BIDAR,AURAD PS,78.72,increasing
BIDAR,HALLIKHED PS,79.79,increasing
BIDAR,BHALKI RURAL PS,82.77,increasing
BIDAR,HUMNABAD TRAFFIC PS,84.91,increasing
BIDAR,CHITAGUPPA PS,88.18,increasing
BIDAR,GANDHI GUNJ PS,101.12,increasing
BIDAR,MANNA EKHELLI PS,101.12,increasing
BIDAR,BHALKI TOWN PS,104.75,increasing
BIDAR,BASAVA KALYANA TOWN PS,110.29,increasing
BIDAR,DHANNURA PS,119.47,increasing
BIDAR,HUMNABAD PS,125.65,increasing
CHAMARAJANAGAR,CHAMARAJANAGAR CEN CRIME PS,14.08,increasing
CHAMARAJANAGAR,CHAMRAJANAGAR WOMEN PS,15.36,increasing
CHAMARAJANAGAR,MAMBALI PS,27.52,increasing
CHAMARAJANAGAR,M.M. HILLS PS,32.0,increasing
CHAMARAJANAGAR,SANTEMARALLI PS,40.32,increasing
CHAMARAJANAGAR,CHAMARAJANAGAR TRAFFIC PS,48.21,increasing
CHAMARAJANAGAR,KUDERU PS,52.22,increasing
CHAMARAJANAGAR,CHAMARAJANAGAR RURAL PS,56.64,increasing
CHAMARAJANAGAR,TERAKANAMBI PS,60.8,increasing
CHAMARAJANAGAR,YELANDUR PS,61.44,increasing
CHAMARAJANAGAR,CHAMARAJANAGAR TOWN PS,63.36,increasing
CHAMARAJANAGAR,GUNDLUPETE PS,74.24,increasing
CHAMARAJANAGAR,HANUR PS,77.31,increasing
CHAMARAJANAGAR,BEGUR PS,81.66,increasing
CHAMARAJANAGAR,KOLLEGALA TOWN PS,90.84,increasing
CHAMARAJANAGAR,RAMAPURA PS,109.65,increasing
CHAMARAJANAGAR,CHAMARAJANAGAR EAST PS,136.96,increasing
CHAMARAJANAGAR,KOLLEGALA RURAL PS,238.08,increasing
CHICKBALLAPURA,CHIKKABALLAPURA WOMEN PS,32.26,increasing
CHICKBALLAPURA,CHINTAMANI TOWN PS,36.66,increasing
CHICKBALLAPURA,DIBBURAHALLI PS,37.44,increasing
CHICKBALLAPURA,CHICKBALLAPURA TOWN PS,40.45,increasing
CHICKBALLAPURA,BATLAHALLI PS,46.67,increasing
CHICKBALLAPURA,CHELUR PS,47.11,increasing
CHICKBALLAPURA,GOWRIBIDANUR RURAL PS,53.3,increasing
CHICKBALLAPURA,NANDI GIRIDHAMA PS,54.61,increasing
CHICKBALLAPURA,CHICKABALLAPURA CEN CRIME PS,70.93,increasing
CHICKBALLAPURA,CHICKBALLAPURA TRAFFIC PS,67.41,increasing
CHICKBALLAPURA,PERESANDRA PS,87.2,increasing
CHICKBALLAPURA,KENCHARLAHALLI PS,71.25,increasing
CHICKBALLAPURA,CHICKBALLAPURA RURAL PS,75.11,increasing
CHICKBALLAPURA,PATAPALYA PS,77.65,increasing
CHICKBALLAPURA,MANCHENALLI PS,103.11,increasing
CHICKBALLAPURA,CHINTAMANI RURAL PS,120.67,increasing
CHICKBALLAPURA,GOWRIBIDANUR TOWN PS,120.75,increasing
CHICKBALLAPURA,SHIDLAGHATTA TOWN PS,129.07,increasing
CHICKBALLAPURA,GUDIBANDE PS,152.32,increasing
CHICKBALLAPURA,BAGEPALLI PS,213.55,increasing
CHICKBALLAPURA,SHIDLAGATTA RURAL PS,222.51,increasing
CHIKKAMAGALURU,KUDUREMUKH PS,6.07,increasing
CHIKKAMAGALURU,HARIHARAPURA PS,16.9,increasing
CHIKKAMAGALURU,CHICKMAGALUR CEN CRIME PS,30.29,increasing
CHIKKAMAGALURU,SINGATAGERE PS,31.79,increasing
CHIKKAMAGALURU,JAYAPURA PS,40.67,increasing
CHIKKAMAGALURU,BANAKAL PS,43.31,increasing
CHIKKAMAGALURU,BALUR PS,43.52,increasing
CHIKKAMAGALURU,BASAVANAHALLI PS,50.99,increasing
CHIKKAMAGALURU,PANCHANAHALLI PS,53.76,increasing
CHIKKAMAGALURU,ALDUR PS,60.12,increasing
CHIKKAMAGALURU,YAGATI PS,62.21,increasing
CHIKKAMAGALURU,GONIBEEDU PS,63.44,increasing
CHIKKAMAGALURU,SRINGERI PS,62.72,increasing
CHIKKAMAGALURU,KALASA PS,63.36,increasing
CHIKKAMAGALURU,CHICKMAGALUR WOMEN PS,71.87,increasing
CHIKKAMAGALURU,MALLANDURU PS,67.6,increasing
CHIKKAMAGALURU,KOPPA PS,71.68,increasing
CHIKKAMAGALURU,CHICKMAGALUR TRAFFIC PS,80.7,increasing
CHIKKAMAGALURU,N.R. PURA PS,88.0,increasing
CHIKKAMAGALURU,LINGADAHALLI PS,100.27,increasing
CHIKKAMAGALURU,LAKKAVALLI PS,106.88,increasing
CHIKKAMAGALURU,BALEHONNUR PS,108.8,increasing
CHIKKAMAGALURU,BIRUR PS,124.16,increasing
CHIKKAMAGALURU,SAKKARAYA PATNA PS,131.3,increasing
CHIKKAMAGALURU,MUDIGERE PS,159.15,increasing
CHIKKAMAGALURU,TARIKERE TOWN PS,172.8,increasing
CHIKKAMAGALURU,KADUR PS,178.99,increasing
CHIKKAMAGALURU,CHICKMAGALUR TOWN PS,208.21,increasing
CHIKKAMAGALURU,AJJAMPURA PS,225.93,increasing
CHIKKAMAGALURU,CHICKMAGALUR RURAL PS,251.68,increasing
CHITRADURGA,CHITRADURGA CEN CRIME PS,20.48,increasing
CHITRADURGA,CHITRADURGA EXTENSION PS,25.81,increasing
CHITRADURGA,CHITRAHALLI GATE PS,35.84,increasing
CHITRADURGA,CHITRADURGA TOWN PS,38.67,increasing
CHITRADURGA,IMANGALA PS,45.73,increasing
CHITRADURGA,ABBINAHOLE PS,42.24,increasing
CHITRADURGA,SRIRAMPURA PS,42.24,increasing
CHITRADURGA,TURUVANUR (JOGI) PS,48.53,increasing
CHITRADURGA,CHITRADURGA WOMEN PS,49.6,increasing
CHITRADURGA,CHITRADURGA TRAFFIC PS,52.0,increasing
CHITRADURGA,THALAK PS,52.0,increasing
CHITRADURGA,RAMPURA PS,56.32,increasing
CHITRADURGA,CHITRADURGA KOTE PS,63.0,increasing
CHITRADURGA,HIRIYUR TOWN PS,65.0,increasing
CHITRADURGA,MOLAKALMURU PS,67.84,increasing
CHITRADURGA,CHALLAKERE PS,77.31,increasing
CHITRADURGA,PARASURAMPURA PS,79.36,increasing
CHITRADURGA,CHITRADURGA RURAL PS,84.33,increasing
CHITRADURGA,NAYAKANHATTI PS,114.4,increasing
CHITRADURGA,HOLALKERE PS,91.65,increasing
CHITRADURGA,HOSADURGA PS,100.8,increasing
CHITRADURGA,BHARAMASAGARA PS,95.33,increasing
CHITRADURGA,CHIKKAJAJUR PS,118.4,increasing
CHITRADURGA,HIRIYUR RURAL PS,124.16,increasing
CID,CYBER CRIME POLICE STATION CID,0.8,stable
COASTAL SECURITY POLICE,COASTAL SECURITY POLICE BHATKAL,0.8,stable
COASTAL SECURITY POLICE,COASTAL SECURITY POLICE HEJAMADY,1.9,stable
COASTAL SECURITY POLICE,COASTAL SECURITY POLICE BELEKERI,1.6,stable
COASTAL SECURITY POLICE,COASTAL SECURITY POLICE GANGOLLI,1.6,stable
COASTAL SECURITY POLICE,COASTAL SECURITY POLICE HONNAVAR,2.8,stable
COASTAL SECURITY POLICE,COASTAL SECURITY POLICE KARWAR,3.93,stable
COASTAL SECURITY POLICE,COASTAL SECURITY POLICE KUMTA,4.27,stable
COASTAL SECURITY POLICE,COASTAL SECURITY POLICE MANGALURU,4.24,stable
DAKSHINA KANNADA,DK CEN CRIME PS,11.2,increasing
DAKSHINA KANNADA,DK WOMEN PS,29.23,increasing
DAKSHINA KANNADA,BELLARE PS,31.43,increasing
DAKSHINA KANNADA,SUBRAMANYA PS,43.73,increasing
DAKSHINA KANNADA,PUTTUR TOWN PS,48.57,increasing
DAKSHINA KANNADA,KADABA PS,51.74,increasing
DAKSHINA KANNADA,DHARMASTHALA PS,52.27,increasing
DAKSHINA KANNADA,PUTTUR RURAL PS,61.42,increasing
DAKSHINA KANNADA,SULLIA PS,61.91,increasing
DAKSHINA KANNADA,VENOOR PS,63.36,increasing
DAKSHINA KANNADA,BANTWALA RURAL PS,70.57,increasing
DAKSHINA KANNADA,BELTHANGADI TRAFFIC PS,74.03,increasing
DAKSHINA KANNADA,BELTHANGADI PS,80.0,increasing
DAKSHINA KANNADA,BANTWALA TRAFFIC PS,87.89,increasing
DAKSHINA KANNADA,UPPINANGADI PS,90.03,increasing
DAKSHINA KANNADA,PUNJALKATTE PS,94.51,increasing
DAKSHINA KANNADA,BANTWALA TOWN PS,105.17,increasing
DAKSHINA KANNADA,VITLA PS,141.87,increasing
DAKSHINA KANNADA,PUTTUR TRAFFIC PS,160.64,increasing
DAVANAGERE,DAVANGERE NORTH TRAFFIC PS,45.23,increasing
DAVANAGERE,RMC YARD PS,46.72,increasing
DAVANAGERE,BASAVANAGARA PS,50.99,increasing
DAVANAGERE,GANDHI NAGAR PS,53.52,increasing
DAVANAGERE,DAVANAGERE CEN CRIME PS,55.3,increasing
DAVANAGERE,AZAD NAGAR PS,57.29,increasing
DAVANAGERE,JAGALUR PS,67.84,increasing
DAVANAGERE,MAYAKONDA PS,76.54,increasing
DAVANAGERE,BILICHODU PS,83.63,increasing
DAVANAGERE,DAVANAGERE SOUTH TRAFFIC PS,91.73,increasing
DAVANAGERE,BASAVAPATNA PS,92.37,increasing
DAVANAGERE,HADADI PS,106.24,increasing
DAVANAGERE,DAVANAGERE WOMEN PS,115.41,increasing
DAVANAGERE,HARIHARA TOWN PS,115.84,increasing
DAVANAGERE,VIDYANAGAR PS,118.83,increasing
DAVANAGERE,DAVANAGERE EXTENTION PS,119.04,increasing
DAVANAGERE,KTJ NAGAR PS,123.31,increasing
DAVANAGERE,SANTHEBENNUR PS,125.65,increasing
DAVANAGERE,HARIHARA RURAL PS,134.4,increasing
DAVANAGERE,MALEBENNUR PS,138.03,increasing
DAVANAGERE,NYAMATHI PS,141.65,increasing
DAVANAGERE,HONNALI PS,148.27,increasing
DAVANAGERE,DAVANAGERE RURAL PS,204.37,increasing
DAVANAGERE,CHANNAGIRI PS,239.76,increasing
DHARWAD,DHARWAD CEN CRIME PS,27.52,increasing
DHARWAD,DHARWAD WOMEN PS,39.68,increasing
DHARWAD,GUDAGERI PS,50.56,increasing
DHARWAD,ALNAVAR PS,66.56,increasing
DHARWAD,ANNIGERI PS,88.3,increasing
DHARWAD,NAVALGUND PS,104.64,increasing
DHARWAD,KUNDAGOL PS,116.48,increasing
DHARWAD,GARAG PS,152.75,increasing
DHARWAD,KALAGHATAGI PS,207.57,increasing
DHARWAD,HUBLI RURAL PS,213.76,increasing
DHARWAD,DHARWAD RURAL PS,217.6,increasing
GADAG,GADAG WOMEN PS,14.82,increasing
GADAG,GADAG TRAFFIC PS,26.67,increasing
GADAG,GADAG CEN CRIME PS,43.09,increasing
GADAG,BETAGERI EXTENTION PS,58.88,increasing
GADAG,MULAGUND PS,70.83,increasing
GADAG,NAREGAL PS,89.6,increasing
GADAG,BETAGERI PS,98.35,increasing
GADAG,SHIRAHATTI PS,118.34,increasing
GADAG,GADAG TOWN PS,127.36,increasing
GADAG,RON PS,130.38,increasing
GADAG,LAKSHMESHWAR PS,138.88,increasing
GADAG,GAJENDRAGAD PS,158.29,increasing
GADAG,MUNDARGI PS,179.41,increasing
GADAG,NARGUND PS,187.31,increasing
GADAG,GADAG RURAL PS,219.13,increasing
HASSAN,HASSAN CEN CRIME PS,15.92,increasing
HASSAN,HASSAN WOMEN PS,20.48,increasing
HASSAN,BELUR PS,23.67,increasing
HASSAN,HALLYMYSORE PS,26.62,increasing
HASSAN,YESLUR PS,30.33,increasing
HASSAN,JAVAGAL PS,30.08,increasing
HASSAN,HOLENARASIPURA TOWN PS,30.51,increasing
HASSAN,PENSION MOHALLA PS,31.2,increasing
HASSAN,HASSAN CITY PS,34.02,increasing
HASSAN,HIRISAVE PS,37.8,increasing
HASSAN,ALUR PS,35.2,increasing
HASSAN,ARASIKERE TOWN PS,36.92,increasing
HASSAN,SAKALESHPURA RURAL PS,40.7,increasing
HASSAN,SHRAVANABELAGOLA PS,44.59,increasing
HASSAN,HASSAN EXTN. PS,48.67,increasing
HASSAN,KONANUR PS,50.69,increasing
HASSAN,HALEBEEDU PS,52.74,increasing
HASSAN,HOLENARASIPURA RURAL PS,52.91,increasing
HASSAN,CHANNARAYAPATNA RURAL PS,53.33,increasing
HASSAN,ARASIKERE RURAL PS,61.13,increasing
HASSAN,SAKALESHPURA TOWN PS,58.24,increasing
HASSAN,NUGGEHALLI PS,70.83,increasing
HASSAN,AREHALLI PS,74.75,increasing
HASSAN,GANDASI PS,77.31,increasing
HASSAN,BANAVARA PS,81.92,increasing
HASSAN,GORURU PS,90.22,increasing
HASSAN,CHANNARAYAPATNA TRAFFIC PS,91.65,increasing
HASSAN,DUDDA PS,99.63,increasing
HASSAN,HASSAN RURAL PS,110.08,increasing
HASSAN,CHANNARAYAPATNA TOWN PS,111.36,increasing
HASSAN,HASSAN TRAFFIC PS,129.49,increasing
HASSAN,SHANTHIGRAMA PS,130.35,increasing
HASSAN,ARAKALAGUD PS,190.72,increasing
HAVERI,HULAGUR PS,37.6,increasing
HAVERI,RANEBENNUR TRAFFIC PS,33.92,increasing
HAVERI,KUMARAPATTANAM PS,34.82,increasing
HAVERI,HAVERI TRAFFIC PS,38.4,increasing
HAVERI,RATTIHALLI PS,44.03,increasing
HAVERI,HAVERI WOMEN PS,49.28,increasing
HAVERI,GUTTAL PS,60.42,increasing
HAVERI,TADAS PS,60.48,increasing
HAVERI,ADUR PS,63.79,increasing
HAVERI,BANKAPURA PS,64.0,increasing
HAVERI,HAVERI CEN CRIME PS,71.89,increasing
HAVERI,HANSABHAVI PS,75.52,increasing
HAVERI,KAGINELE PS,79.3,increasing
HAVERI,HAVERI TOWN PS,80.0,increasing
HAVERI,RANEBENNUR RURAL PS,85.76,increasing
HAVERI,HAVERI RURAL PS,90.03,increasing
HAVERI,HIREKERUR PS,96.0,increasing
HAVERI,RANEBENNUR TOWN PS,99.41,increasing
HAVERI,BYADAGI PS,102.19,increasing
HAVERI,SHIGGAON PS,106.67,increasing
HAVERI,HANAGAL PS,112.64,increasing
HAVERI,SAVANOOR PS,151.47,increasing
HAVERI,HALAGERI PS,155.95,increasing
HUBBALLI DHARWAD CITY,E AND N CRIME PS HD CITY,11.67,increasing
HUBBALLI DHARWAD CITY,KAMARIPETH PS,34.56,increasing
HUBBALLI DHARWAD CITY,GHANTIKERI PS,42.88,increasing
HUBBALLI DHARWAD CITY,ASHOKNAGAR PS,53.92,increasing
HUBBALLI DHARWAD CITY,HUBBALLI EAST TRAFFIC PS,57.81,increasing
HUBBALLI DHARWAD CITY,HD CITY WOMEN PS,60.16,increasing
HUBBALLI DHARWAD CITY,BENDIGERI PS,80.16,increasing
HUBBALLI DHARWAD CITY,HUBBALLI SOUTH TRAFFIC PS,83.63,increasing
HUBBALLI DHARWAD CITY,APMC NAVANAGAR,84.27,increasing
HUBBALLI DHARWAD CITY,HUBBALLI TOWN PS,93.44,increasing
HUBBALLI DHARWAD CITY,KASABAPETH PS,101.33,increasing
HUBBALLI DHARWAD CITY,KESHAVAPUR PS,106.88,increasing
HUBBALLI DHARWAD CITY,HUBBALLI NORTH TRAFFIC PS,107.95,increasing
HUBBALLI DHARWAD CITY,DHARWAD TRAFFIC PS,117.55,increasing
HUBBALLI DHARWAD CITY,GOKUL ROAD PS,122.88,increasing
HUBBALLI DHARWAD CITY,HUBBALLI SUB URBAN PS,129.49,increasing
HUBBALLI DHARWAD CITY,DHARWAD TOWN PS,130.77,increasing
HUBBALLI DHARWAD CITY,VIDYANAGAR PS,146.77,increasing
HUBBALLI DHARWAD CITY,VIDYAGIRI PS,158.08,increasing
HUBBALLI DHARWAD CITY,OLD HUBBALLI PS,162.77,increasing
HUBBALLI DHARWAD CITY,CEN CRIME PS HUBBALLI DHARWAD CITY,174.26,increasing
HUBBALLI DHARWAD CITY,DHARWAD SUB-URBAN PS,213.33,increasing
K.G.F,CHAMPION REEFS PS,28.47,increasing
K.G.F,KYASAMBALLI PS,35.2,increasing
K.G.F,MARIKUPPAM PS,37.6,increasing
K.G.F,BEML NAGAR PS,32.86,increasing
K.G.F,OORGAUM PS,34.77,increasing
K.G.F,KGF CEN CRIME PS,41.39,increasing
K.G.F,BUDIKOTE PS,57.33,increasing
K.G.F,KAMASAMUDRAM PS,72.53,increasing
K.G.F,ROBERTSONPET PS,87.64,increasing
K.G.F,ANDERSONPET PS,95.15,increasing
K.G.F,BETHAMANGALA PS,113.07,increasing
K.G.F,BANGARPET PS,184.32,increasing
KALABURAGI,KALABURAGI CEN CRIME PS,9.6,increasing
KALABURAGI,KURAKUNTA PS,8.23,increasing
KALABURAGI,KALABURAGI WOMEN PS,13.6,increasing
KALABURAGI,KUNCHAVARAM PS,13.6,increasing
KALABURAGI,KALAGI PS,14.08,increasing
KALABURAGI,MADANAHIPPARGA PS,17.33,increasing
KALABURAGI,MALKHED PS,17.15,increasing
KALABURAGI,NIMBARGA PS,17.92,increasing
KALABURAGI,MADBOOL PS,23.8,increasing
KALABURAGI,MIRYAN PS,22.53,increasing
KALABURAGI,YEDRAMI PS,26.67,increasing
KALABURAGI,DEVALAGANGAPUR PS,32.85,increasing
KALABURAGI,CHITTAPURA PS,35.84,increasing
KALABURAGI,REVOOR PS,35.84,increasing
KALABURAGI,NARONA PS,38.4,increasing
KALABURAGI,SULEPET PS,38.83,increasing
KALABURAGI,ALLAND PS,40.7,increasing
KALABURAGI,RATKAL PS,42.75,increasing
KALABURAGI,SEDAM PS,43.78,increasing
KALABURAGI,AFZALPUR PS,50.33,increasing
KALABURAGI,CHINCHOLI PS,53.2,increasing
KALABURAGI,SHAHABAD TOWN PS,60.8,increasing
KALABURAGI,MAHAGOAN PS,56.64,increasing
KALABURAGI,WADI PS,56.83,increasing
KALABURAGI,MUDHOL PS,71.2,increasing
KALABURAGI,KAMALAPUR PS,64.77,increasing
KALABURAGI,NELOGI PS,65.07,increasing
KALABURAGI,JEWARGI PS,93.12,increasing
KALABURAGI CITY,KALABURAGI CITY CENCRIME PS,33.71,increasing
KALABURAGI CITY,ROZA PS,76.59,increasing
KALABURAGI CITY,MB NAGAR PS,97.49,increasing
KALABURAGI CITY,KALABURAGI CITY WOMEN PS,103.22,increasing
KALABURAGI CITY,STATION BAZAR PS,102.78,increasing
KALABURAGI CITY,ASHOKNAGAR PS,106.88,increasing
KALABURAGI CITY,FERHATABAD PS,109.87,increasing
KALABURAGI CITY,UNIVERSITY PS,121.0,increasing
KALABURAGI CITY,CHOWK PS,128.21,increasing
KALABURAGI CITY,BRAHMAPUR PS,146.35,increasing
KALABURAGI CITY,KALABURAGI TRAFFIC I PS,158.51,increasing
KALABURAGI CITY,RAGAVENDRANAGAR PS,172.37,increasing
KALABURAGI CITY,SUB URBAN PS,279.47,increasing
KALABURAGI CITY,KALABURAGI TRAFFIC II PS,284.59,increasing
KARNATAKA RAILWAYS,MANGALURU RLY PS,7.25,stable
KARNATAKA RAILWAYS,BANGARPET RLY PS,7.68,stable
KARNATAKA RAILWAYS,SHIVAMOGGA RLY PS,11.0,increasing
KARNATAKA RAILWAYS,BYAPPANAHALLI RLY PS,10.86,increasing
KARNATAKA RAILWAYS,DAVANAGERE RLY PS,13.58,increasing
KARNATAKA RAILWAYS,BALLARI RLY PS,15.79,increasing
KARNATAKA RAILWAYS,BIDAR RLY PS,15.79,increasing
KARNATAKA RAILWAYS,VIJAYAPURA RLY PS,19.41,increasing
KARNATAKA RAILWAYS,GADAG RLY PS,21.55,increasing
KARNATAKA RAILWAYS,BENGALURU RURAL RLY PS,23.55,increasing
KARNATAKA RAILWAYS,ARASIKERE RLY PS,24.96,increasing
KARNATAKA RAILWAYS,BELAGAVI RLY PS,33.71,increasing
KARNATAKA RAILWAYS,HUBBALLI RLY PS,40.32,increasing
KARNATAKA RAILWAYS,MYSURU RLY PS,42.88,increasing
KARNATAKA RAILWAYS,BENGALURU CANTONMENT RLY PS,52.27,increasing
KARNATAKA RAILWAYS,RAICHUR RLY PS,62.51,increasing
KARNATAKA RAILWAYS,BENGALURU CITY RLY PS,66.81,increasing
KARNATAKA RAILWAYS,WADI RLY PS,72.67,increasing
KODAGU,KODAGU CEN CRIME PS,19.2,increasing
KODAGU,MADIKERI TRAFFIC PS,23.68,increasing
KODAGU,KODAGU WOMEN PS,31.15,increasing
KODAGU,BHAGAMANDALA PS,32.93,increasing
KODAGU,SRIMANGALA PS,33.47,increasing
KODAGU,KUTTA PS,40.32,increasing
KODAGU,KUSHALNAGAR TRAFFIC PS,52.3,increasing
KODAGU,KUSHALNAGAR TOWN PS,53.38,increasing
KODAGU,NAPOKLU PS,53.38,increasing
KODAGU,MADIKERI TOWN PS,60.59,increasing
KODAGU,SUNTICOPPA PS,72.96,increasing
KODAGU,SIDDAPURA PS,83.63,increasing
KODAGU,PONNAMPET PS,94.72,increasing
KODAGU,VIRAJPET TOWN PS,103.68,increasing
KODAGU,MADIKERI RURAL PS,104.53,increasing
KODAGU,GONIKOPPA PS,109.44,increasing
KODAGU,VIRAJPET RURAL PS,123.52,increasing
KODAGU,KUSHALANAGAR RURAL PS,123.73,increasing
KODAGU,SOMWARPET PS,125.65,increasing
KODAGU,SHANIVARASANTHE PS,141.23,increasing
KOLAR,GOWNAPALLI PS,16.03,increasing
KOLAR,GULPET PS,18.99,increasing
KOLAR,KOLAR CEN CRIME PS,23.04,increasing
KOLAR,RAYALPAD PS,28.86,increasing
KOLAR,KOLAR TOWN PS,28.54,increasing
KOLAR,KOLAR WOMEN PS,31.36,increasing
KOLAR,MULBAGAL RURAL PS,34.7,increasing
KOLAR,MULBAGAL TOWN PS,34.7,increasing
KOLAR,KOLAR TRAFFIC PS,46.4,increasing
KOLAR,VEMAGAL PS,42.43,increasing
KOLAR,NANGLI PS,49.0,increasing
KOLAR,MASTI PS,48.1,increasing
KOLAR,SRINIVASAPURA PS,74.88,increasing
KOLAR,KOLAR RURAL PS,93.44,increasing
KOLAR,MALUR PS,127.51,increasing
KOPPAL,KOPPAL CEN CRIME PS,11.84,increasing
KOPPAL,GANGAVATHI TRAFFIC PS,36.27,increasing
KOPPAL,KOPPAL TRAFFIC PS,41.39,increasing
KOPPAL,KOPPAL WOMEN PS,42.03,increasing
KOPPAL,BEVOOR PS,71.47,increasing
KOPPAL,ALWANDI PS,79.79,increasing
KOPPAL,YELBURGA PS,80.0,increasing
KOPPAL,KUKNOOR PS,83.2,increasing
KOPPAL,KOPPAL TOWN PS,85.12,increasing
KOPPAL,HANUMASAGAR PS,104.11,increasing
KOPPAL,TAVAREGERA PS,104.32,increasing
KOPPAL,KANAKAGIRI PS,126.72,increasing
KOPPAL,GANGAVATHI TOWN PS,142.08,increasing
KOPPAL,KARATAGI PS,187.09,increasing
KOPPAL,GANGAVATHI RURAL PS,204.8,increasing
KOPPAL,MUNIRABAD PS,208.21,increasing
KOPPAL,KUSHTAGI PS,217.39,increasing
KOPPAL,KOPPAL RURAL PS,232.11,increasing
MANDYA,KOPPA PS,14.4,increasing
MANDYA,BESAGARAGHALLI PS,15.4,increasing
MANDYA,BASARALU PS,15.36,increasing
MANDYA,MANDYA CEN CRIME PS,20.0,increasing
MANDYA,KIRUGAVALU PS,19.84,increasing
MANDYA,SHIVALLI PS,24.7,increasing
MANDYA,K.R. PET TOWN PS,29.25,increasing
MANDYA,BELAKAVADI PS,38.4,increasing
MANDYA,MALAVALLI TOWN PS,42.4,increasing
MANDYA,MANDYA WOMEN PS,34.88,increasing
MANDYA,MANDYA WEST PS,39.2,increasing
MANDYA,K.R. SAGAR PS,37.7,increasing
MANDYA,MADDUR TRAFFIC PS,40.6,increasing
MANDYA,BINDIGANAVILE PS,38.4,increasing
MANDYA,NAGAMANGALA TOWN PS,42.47,increasing
MANDYA,NAGAMANGALA RURAL PS,48.8,increasing
MANDYA,MANDYA CENTRAL PS,38.97,increasing
MANDYA,MALAVALLI RURAL PS,40.32,increasing
MANDYA,KERAGODU PS,40.96,increasing
MANDYA,KESTHUR PS,52.8,increasing
MANDYA,K.M. DODDI PS,43.22,increasing
MANDYA,HALAGUR PS,48.53,increasing
MANDYA,MELUKOTE PS,56.8,increasing
MANDYA,MADDUR PS,46.72,increasing
MANDYA,MANDYA TRAFFIC PS,49.71,increasing
MANDYA,KIKKERI PS,55.07,increasing
MANDYA,BELLUR PS,55.53,increasing
MANDYA,SRIRANGAPATNA RURAL PS,53.76,increasing
MANDYA,MANDYA EAST PS,66.88,increasing
MANDYA,SRIRANGAPATNA PS,70.63,increasing
MANDYA,MANDYA RURAL PS,87.36,increasing
MANDYA,PANDAVAPURA PS,107.01,increasing
MANDYA,K.R. PET RURAL PS,137.6,increasing
MANGALURU CITY,CEN CRIME PS MANGALURU CITY,40.13,increasing
MANGALURU CITY,E AND N CRIME PS MANGALURU CITY,42.33,increasing
MANGALURU CITY,MANGALORE WEST TRAFFIC PS,50.56,increasing
MANGALURU CITY,BARKE PS,58.67,increasing
MANGALURU CITY,MANGALORE WOMEN PS,62.08,increasing
MANGALURU CITY,MANGALORE RURAL PS,81.07,increasing
MANGALURU CITY,PANAMBUR PS,84.05,increasing
MANGALURU CITY,MANGALORE NORTH PS,86.25,increasing
MANGALURU CITY,MULKI PS,94.72,increasing
MANGALURU CITY,KANKANADY TOWN PS,96.43,increasing
MANGALURU CITY,KAVOOR PS,96.85,increasing
MANGALURU CITY,BAJPE PS,97.71,increasing
MANGALURU CITY,URVA PS,99.41,increasing
MANGALURU CITY,MANGALORE SOUTH PS,98.19,increasing
MANGALURU CITY,KONAJE PS,102.19,increasing
MANGALURU CITY,ULLAL PS,109.48,increasing
MANGALURU CITY,SURATHKAL PS,112.64,increasing
MANGALURU CITY,MANGALORE EAST PS,115.63,increasing
MANGALURU CITY,MANGALORE EAST TRAFFIC PS,149.76,increasing
MANGALURU CITY,TRAFFIC NORTH POLICE STATION,170.81,increasing
MANGALURU CITY,MOODABIDRE PS,190.08,increasing
MANGALURU CITY,TRAFFIC SOUTH POLICE STATION,242.35,increasing
MYSURU CITY,E AND N CRIME PS MYSURU CITY,1.6,stable
MYSURU CITY,ASHOKPURAM PS,26.45,increasing
MYSURU CITY,SARASWATHIPURAM PS,28.16,increasing
MYSURU CITY,KUVEMPUNAGAR PS,36.27,increasing
MYSURU CITY,LAXMIPURAM PS,39.89,increasing
MYSURU CITY,DEVERAJA TRAFFIC PS,48.21,increasing
MYSURU CITY,JAYALAKSHMIPURAM PS,50.77,increasing
MYSURU CITY,CEN CRIME PS MYSURU CITY,57.78,increasing
MYSURU CITY,DEVARAJA PS,66.56,increasing
MYSURU CITY,KRISHNARAJA PS,68.48,increasing
MYSURU CITY,MANDI PS,70.19,increasing
MYSURU CITY,METAGALLI PS,70.61,increasing
MYSURU CITY,V.V. PURAM PS,70.61,increasing
MYSURU CITY,VIJAYANAGAR PS,71.04,increasing
MYSURU CITY,LASHKAR PS,73.81,increasing
MYSURU CITY,MYSURU CITY WOMEN PS,74.19,increasing
MYSURU CITY,HEBBAL PS,76.37,increasing
MYSURU CITY,VIDYARANYARPURAM PS,80.43,increasing
MYSURU CITY,ALANAHALLY PS,84.91,increasing
MYSURU CITY,NAZARBAD PS,91.95,increasing
MYSURU CITY,NARASIMHARAJA TRAFFIC PS,91.05,increasing
MYSURU CITY,UDAYAGIRI PS,99.16,increasing
MYSURU CITY,NARASIMHARAJA PS,142.93,increasing
MYSURU CITY,SIDDARTHANAGAR TRAFFIC PS,153.39,increasing
MYSURU CITY,KRISHNARAJA TRAFFIC PS,196.91,increasing
MYSURU CITY,V V PURAM TRAFFIC PS,203.52,increasing
MYSURU DIST,MYSURU CEN CRIME PS,3.11,stable
MYSURU DIST,TALAKADU PS,20.15,increasing
MYSURU DIST,NANJANAGUDU TOWN PS,21.76,increasing
MYSURU DIST,MYSURU WOMEN PS,24.32,increasing
MYSURU DIST,ANTHARASANTHE PS,26.56,increasing
MYSURU DIST,SARAGUR PS,39.67,increasing
MYSURU DIST,KOWLANDE PS,44.8,increasing
MYSURU DIST,BILIGERE PS,48.96,increasing
MYSURU DIST,HUNUSUR TOWN PS,52.26,increasing
MYSURU DIST,BYLAKUPPE PS,54.61,increasing
MYSURU DIST,H.D. KOTE PS,58.03,increasing
MYSURU DIST,JAYAPURA PS,61.01,increasing
MYSURU DIST,YELAWALA PS,63.57,increasing
MYSURU DIST,BETTADAPURA PS,71.04,increasing
MYSURU DIST,NANJANGUDU TRAFFIC PS,76.03,increasing
MYSURU DIST,HUNUSUR RURAL PS,77.23,increasing
MYSURU DIST,PERIYAPATNA PS,77.09,increasing
MYSURU DIST,MYSURU SOUTH PS,79.36,increasing
MYSURU DIST,VARUNA PS,84.48,increasing
MYSURU DIST,BILIKERE PS,92.16,increasing
MYSURU DIST,HULLAHALLI PS,101.63,increasing
MYSURU DIST,NANJANAGUDU RURAL PS,104.0,increasing
MYSURU DIST,SALIGRAMA PS,111.36,increasing
MYSURU DIST,BANNUR PS,124.67,increasing
MYSURU DIST,T. NARASIPURA PS,126.08,increasing
MYSURU DIST,K.R. NAGAR PS,242.77,increasing
RAICHUR,DEVADURGA TRAFFIC PS,8.53,increasing
RAICHUR,RAICHUR CEN CRIME PS,12.59,increasing
RAICHUR,NETAJINAGAR PS,28.42,increasing
RAICHUR,YAPALADINNI PS,28.59,increasing
RAICHUR,MARKET YARD PS,31.88,increasing
RAICHUR,GABBUR PS,33.92,increasing
RAICHUR,SINDANUR TRAFFIC PS,35.41,increasing
RAICHUR,IDAPANUR PS,36.1,increasing
RAICHUR,RAICHUR TRAFFIC PS,47.59,increasing
RAICHUR,SHAKTI NAGAR PS,48.43,increasing
RAICHUR,RAICHUR RURAL PS,49.92,increasing
RAICHUR,BALAGANOOR PS,59.09,increasing
RAICHUR,JALHALLI PS,68.48,increasing
RAICHUR,RAICHUR WEST PS,68.91,increasing
RAICHUR,SADAR BAZAR PS,69.12,increasing
RAICHUR,SINDHANOOR TOWN PS,70.61,increasing
RAICHUR,SINDANOOR RURAL PS,78.72,increasing
RAICHUR,SIRWAR PS,80.43,increasing
RAICHUR,MUDGAL PS,81.49,increasing
RAICHUR,RAICHUR WOMEN PS,82.94,increasing
RAICHUR,YEREGERA PS,82.99,increasing
RAICHUR,HUTTI PS,83.84,increasing
RAICHUR,KOWTHAL PS,85.8,increasing
RAICHUR,TURVIHAL PS,97.71,increasing
RAICHUR,MASKI PS,107.31,increasing
RAICHUR,MANVI PS,116.99,increasing
RAICHUR,LINGASUGUR PS,164.91,increasing
RAICHUR,DEVADURGA PS,177.92,increasing
RAMANAGARA,KANAKAPURA TRAFFIC PS,16.03,increasing
RAMANAGARA,RAMANAGARA CEN CRIME PS,24.0,increasing
RAMANAGARA,IJOOR PS,23.92,increasing
RAMANAGARA,RAMANAGARA TRAFFIC PS,26.35,increasing
RAMANAGARA,CHANNAPATNA EAST PS,27.52,increasing
RAMANAGARA,KANAKAPURA RURAL PS,30.0,increasing
RAMANAGARA,RAMANAGARA TOWN PS,37.6,increasing
RAMANAGARA,M.K. DODDI PS,32.5,increasing
RAMANAGARA,CHANNAPATNA TOWN PS,36.48,increasing
RAMANAGARA,AKKUR PS,40.28,increasing
RAMANAGARA,KODIHALLI PS,41.6,increasing
RAMANAGARA,SATHANOOR PS,43.55,increasing
RAMANAGARA,CHANNAPATNA RURAL PS,46.8,increasing
RAMANAGARA,KANAKAPURA TOWN PS,53.56,increasing
RAMANAGARA,CHANNAPATNA TRAFFIC PS,53.95,increasing
RAMANAGARA,RAMANAGARA WOMEN PS,53.55,increasing
RAMANAGARA,RAMANAGARA RURAL PS,56.44,increasing
RAMANAGARA,MAGADI PS,57.46,increasing
RAMANAGARA,KUMBALAGUDU PS,61.62,increasing
RAMANAGARA,TAVAREKERE PS,72.96,increasing
RAMANAGARA,BIDADI PS,74.62,increasing
RAMANAGARA,KAGGALIPURA PS,92.4,increasing
RAMANAGARA,KUDUR PS,93.93,increasing
RAMANAGARA,HAROHALLI PS,120.38,increasing
SHIVAMOGGA,JOG PS,4.2,increasing
SHIVAMOGGA,SHIVAMOGGA CEN CRIME PS,33.6,increasing
SHIVAMOGGA,NAGARA PS,32.0,increasing
SHIVAMOGGA,KARGAL PS,34.82,increasing
SHIVAMOGGA,AGUMBE PS,36.64,increasing
SHIVAMOGGA,SHIVAMOGGA WOMEN PS,45.06,increasing
SHIVAMOGGA,JAYANAGARA PS,46.51,increasing
SHIVAMOGGA,SORABA PS,53.76,increasing
SHIVAMOGGA,SHIRALAKOPPA PS,55.04,increasing
SHIVAMOGGA,BHADRAVATHI OLD TOWN PS,54.79,increasing
SHIVAMOGGA,BHADRAVATHI TRAFFIC PS,56.53,increasing
SHIVAMOGGA,BHADRAVATHI NEW TOWN PS,58.88,increasing
SHIVAMOGGA,MALUR PS,58.88,increasing
SHIVAMOGGA,RIPPONPET PS,62.51,increasing
SHIVAMOGGA,SHIVAMOGGA EAST TRAFFIC PS,62.72,increasing
SHIVAMOGGA,KOTE PS,62.93,increasing
SHIVAMOGGA,HOSAMANE PS,64.21,increasing
SHIVAMOGGA,ANANDAPURA PS,81.6,increasing
SHIVAMOGGA,ANAVATTI PS,67.84,increasing
SHIVAMOGGA,VINOBANAGARA PS,70.4,increasing
SHIVAMOGGA,PAPER TOWN PS,72.19,increasing
SHIVAMOGGA,SHIKARIPURA TOWN PS,76.16,increasing
SHIVAMOGGA,HOSANAGARA PS,77.44,increasing
SHIVAMOGGA,THIRTHAHALLI PS,78.93,increasing
SHIVAMOGGA,SAGAR TOWN PS,94.29,increasing
SHIVAMOGGA,BHADRAVATHI RURAL PS,100.69,increasing
SHIVAMOGGA,KUMSI PS,105.22,increasing
SHIVAMOGGA,SHIVAMOGGA RURAL PS,107.52,increasing
SHIVAMOGGA,SHIKARIPURA RURAL PS,118.4,increasing
SHIVAMOGGA,SHIVAMOGGA WEST TRAFFIC PS,127.49,increasing
SHIVAMOGGA,SAGAR RURAL PS,137.98,increasing
SHIVAMOGGA,HOLEHONNUR PS,140.8,increasing
SHIVAMOGGA,DODDAPETE PS,153.81,increasing
SHIVAMOGGA,TUNGA NAGAR PS,162.77,increasing
TUMAKURU,THIRUMANI PS,55.68,increasing
TUMAKURU,BELLAVI PS,65.07,increasing
TUMAKURU,KIBBANHALLI PS,74.03,increasing
TUMAKURU,TAVAREKERE PS,74.88,increasing
TUMAKURU,DANDINA SHIVARA PS,75.09,increasing
TUMAKURU,KOLALA PS,76.59,increasing
TUMAKURU,ARASIKERE PS,78.51,increasing
TUMAKURU,MEDIGESHI PS,84.91,increasing
TUMAKURU,BADAVANAHALLI PS,86.83,increasing
TUMAKURU,HANDANAKERE PS,88.32,increasing
TUMAKURU,TIPTUR RURAL PS,86.92,increasing
TUMAKURU,TUMAKURU CEN CRIME PS,94.67,increasing
TUMAKURU,NEW EXTENTION PS,98.99,increasing
TUMAKURU,CHANDRASHEKARPURA PS,99.63,increasing
TUMAKURU,TUMAKURU WOMEN PS,102.19,increasing
TUMAKURU,NONAVINAKERE PS,103.47,increasing
TUMAKURU,CHELUR PS,102.78,increasing
TUMAKURU,HONNAVALLI PS,104.53,increasing
TUMAKURU,Y.N. HOSAKOTE PS,106.88,increasing
TUMAKURU,CHIKKANAYAKANAHALLI PS,108.16,increasing
TUMAKURU,THILAK PARK PS,108.59,increasing
TUMAKURU,KODIGENAHALLI PS,117.12,increasing
TUMAKURU,TUMAKURU TOWN PS,117.12,increasing
TUMAKURU,MADHUGIRI PS,120.11,increasing
TUMAKURU,PATANAYAKANAHALLI PS,128.21,increasing
TUMAKURU,JAYANAGARA PS,135.89,increasing
TUMAKURU,AMRUTHUR PS,141.87,increasing
TUMAKURU,KORA PS,162.77,increasing
TUMAKURU,KALLAMBELLA PS,173.44,increasing
TUMAKURU,HULIYAR PS,177.28,increasing
TUMAKURU,PAVAGADA PS,180.91,increasing
TUMAKURU,HULIYURDURGA PS,190.72,increasing
TUMAKURU,TIPTUR TOWN PS,194.13,increasing
TUMAKURU,HEBBUR PS,199.04,increasing
TUMAKURU,KORATAGERE PS,218.67,increasing
TUMAKURU,TURUVEKERE PS,248.11,increasing
TUMAKURU,TUMAKURU TRAFFIC PS,251.73,increasing
TUMAKURU,GUBBI PS,272.85,increasing
TUMAKURU,KYATHASANDRA PS,273.92,increasing
TUMAKURU,SIRA PS,273.92,increasing
TUMAKURU,TUMAKURU RURAL PS,288.43,increasing
TUMAKURU,KUNIGAL PS,335.57,increasing
UDUPI,AJEKAR PS,27.31,increasing
UDUPI,AMASEBAILU PS,36.91,increasing
UDUPI,UDUPI WOMEN PS,42.03,increasing
UDUPI,KOLLUR PS,58.88,increasing
UDUPI,HEBRI PS,63.36,increasing
UDUPI,KUNDAPURA RURAL PS,64.0,increasing
UDUPI,HIRIADKA PS,72.96,increasing
UDUPI,UDUPI CEN CRIME PS,80.7,increasing
UDUPI,SHIRVA PS,89.81,increasing
UDUPI,UDUPI TRAFFIC PS,97.28,increasing
UDUPI,KARKALA TOWN PS,98.77,increasing
UDUPI,UDUPI TOWN PS,99.84,increasing
UDUPI,KARKALA RURAL PS,104.11,increasing
UDUPI,PADUBIDRI PS,103.32,increasing
UDUPI,KUNDAPURA TRAFFIC PS,106.24,increasing
UDUPI,SHANKARANARAYANA PS,109.01,increasing
UDUPI,GANGOLLI PS,119.47,increasing
UDUPI,KUNDAPURA PS,125.87,increasing
UDUPI,MALPE PS,129.92,increasing
UDUPI,KAPU PS,146.77,increasing
UDUPI,BRAHMAVAR PS,146.73,increasing
UDUPI,KOTA PS,198.61,increasing
UDUPI,MANIPAL PS,204.59,increasing
UDUPI,BYNDOOR PS,208.0,increasing
UTTARA KANNADA,AMBIKANAGAR PS,8.69,stable
UTTARA KANNADA,KADRA PS,12.75,increasing
UTTARA KANNADA,MALLAPURA PS,19.4,increasing
UTTARA KANNADA,UK CEN CRIME PS,22.62,increasing
UTTARA KANNADA,UK WOMEN PS,24.32,increasing
UTTARA KANNADA,JOIDA PS,37.12,increasing
UTTARA KANNADA,KARWAR TRAFFIC PS,48.85,increasing
UTTARA KANNADA,DANDELI RURAL PS,52.44,increasing
UTTARA KANNADA,CHITTAKULA PS,55.19,increasing
UTTARA KANNADA,RAMANAGAR PS,59.8,increasing
UTTARA KANNADA,GOKARNA PS,62.51,increasing
UTTARA KANNADA,KARWAR RURAL PS,65.49,increasing
UTTARA KANNADA,SIRSI NEW MARKET PS,66.47,increasing
UTTARA KANNADA,SIRSI TOWN PS,78.26,increasing
UTTARA KANNADA,MURUDESHWAR PS,81.38,increasing
UTTARA KANNADA,KARWAR TOWN PS,78.84,increasing
UTTARA KANNADA,BHATKAL TOWN PS,82.61,increasing
UTTARA KANNADA,BHATKAL RURAL PS,93.93,increasing
UTTARA KANNADA,SIRSI RURAL PS,94.82,increasing
UTTARA KANNADA,DANDELI TOWN PS,104.32,increasing
UTTARA KANNADA,BANAVASI PS,104.96,increasing
UTTARA KANNADA,MANKI PS,109.01,increasing
UTTARA KANNADA,YELLAPURA PS,110.99,increasing
UTTARA KANNADA,SIDDAPURA PS,132.18,increasing
UTTARA KANNADA,KUMTA PS,137.03,increasing
UTTARA KANNADA,MUNDGOD PS,142.42,increasing
UTTARA KANNADA,ANKOLA PS,159.48,increasing
UTTARA KANNADA,HALIYAL PS,172.8,increasing
UTTARA KANNADA,HONNAVARA PS,195.28,increasing
VIJAYANAGARA,HAMPI TRAFFIC PS,8.8,increasing
VIJAYANAGARA,HOSPET EXTENTION PS,7.28,increasing
VIJAYANAGARA,T.B. HALLI PS,8.67,increasing
VIJAYANAGARA,HOSPET TRAFFIC PS,15.68,increasing
VIJAYANAGARA,ITTIGI PS,16.52,increasing
VIJAYANAGARA,T.B. DAM PS,17.78,increasing
VIJAYANAGARA,GUDEKOTE PS,18.63,increasing
VIJAYANAGARA,HAMPI TOURISM PS,20.74,increasing
VIJAYANAGARA,HOSPET TOWN PS,24.7,increasing
VIJAYANAGARA,CHITTAVADAGI PS,26.0,increasing
VIJAYANAGARA,KAMALAPUR PS,28.0,increasing
VIJAYANAGARA,CHIGATERI PS,34.24,increasing
VIJAYANAGARA,HAGARIBOMMANAHALLI PS,36.07,increasing
VIJAYANAGARA,HOSPET RURAL PS,36.4,increasing
VIJAYANAGARA,HOSAHALLI PS,42.57,increasing
VIJAYANAGARA,HADAGALI PS,44.2,increasing
VIJAYANAGARA,KOTTUR PS,43.07,increasing
VIJAYANAGARA,HIREHADAGALI PS,49.14,increasing
VIJAYANAGARA,ARASIKERE PS,60.48,increasing
VIJAYANAGARA,MARIYAMMANAHALLI PS,84.8,increasing
VIJAYANAGARA,HALAVAGILU PS,69.12,increasing
VIJAYANAGARA,HARAPANAHALLI PS,81.15,increasing
VIJAYANAGARA,KUDLIGI PS,103.2,increasing
VIJAYAPUR,ALAMATTI PS,10.24,increasing
VIJAYAPUR,VIJAYAPURA CEN CRIME PS,36.05,increasing
VIJAYAPUR,APMC PS,66.56,increasing
VIJAYAPUR,KUDAGI PS,67.84,increasing
VIJAYAPUR,ADARSH NAGAR PS,85.33,increasing
VIJAYAPUR,MANAGULI PS,86.68,increasing
VIJAYAPUR,KOLHAR PS,90.45,increasing
VIJAYAPUR,JALANAGAR PS,91.09,increasing
VIJAYAPUR,CHADACHAN PS,94.93,increasing
VIJAYAPUR,ZALAKI PS,104.53,increasing
VIJAYAPUR,KALKERI PS,106.67,increasing
VIJAYAPUR,NIDAGUNDI PS,111.79,increasing
VIJAYAPUR,INDI PS,115.41,increasing
VIJAYAPUR,ALMEL PS,119.25,increasing
VIJAYAPUR,HORTTI PS,129.92,increasing
VIJAYAPUR,GOLGUMBAZ PS,133.97,increasing
VIJAYAPUR,VIJAYAPURA WOMEN PS,139.88,increasing
VIJAYAPUR,TIKOTA PS,139.31,increasing
VIJAYAPUR,BABALESHWAR PS,142.93,increasing
VIJAYAPUR,TALIKOT PS,156.52,increasing
VIJAYAPUR,DEVARA HIPPARAGI PS,154.45,increasing
VIJAYAPUR,MUDDEBIHAL PS,167.68,increasing
VIJAYAPUR,VIJAYAPURA TRAFFIC PS,173.65,increasing
VIJAYAPUR,GANDHI CHOWK PS,181.33,increasing
VIJAYAPUR,BASAVAN BAGEWADI PS,206.29,increasing
VIJAYAPUR,INDI RURAL PS,209.71,increasing
VIJAYAPUR,SINDAGI PS,263.89,increasing
VIJAYAPUR,VIJAYAPURA RURAL PS,268.8,increasing
YADGIR,YADGIRI CEN CRIME PS,8.8,increasing
YADGIR,NARAYANAPURA PS,21.44,increasing
YADGIR,YADGIRI WOMEN PS,39.68,increasing
YADGIR,KODEKAL PS,46.34,increasing
YADGIR,HUNASAGI PS,56.75,increasing
YADGIR,BHEEMARAYANAGUDI PS,57.6,increasing
YADGIR,GOGI PS,58.11,increasing
YADGIR,YADGIRI TOWN PS,63.04,increasing
YADGIR,YADGIRI TRAFFIC PS,71.25,increasing
YADGIR,WADIGERE PS,77.44,increasing
YADGIR,SAIDAPUR PS,86.08,increasing
YADGIR,YADGIRI RURAL PS,96.0,increasing
YADGIR,GURUMITKAL PS,100.48,increasing
YADGIR,KEMBHAVI PS,110.08,increasing
YADGIR,SHAHAPUR PS,113.82,increasing
YADGIR,SHORAPUR PS,118.19,increasing
